Keyword,F1_Score,Support
in-need,0.7088607594936709,226
migrant,0.5714285714285714,207
vulnerable,0.5714285714285714,209
poor-families,0.5531914893617021,190
disabled,0.5517241379310345,194
homeless,0.5373134328358209,212
refugee,0.46153846153846156,188
women,0.45454545454545453,233
hopeless,0.3076923076923077,217
immigrant,0.18181818181818182,218
