Keyword,F1_Score,Support
in-need,0.7894736842105263,226
vulnerable,0.7111111111111111,209
migrant,0.6666666666666666,207
hopeless,0.6538461538461539,217
poor-families,0.6,190
disabled,0.56,194
homeless,0.5573770491803278,212
women,0.48,233
immigrant,0.4,218
refugee,0.38461538461538464,188
