Keyword,F1_Score,Support
in-need,0.8,226
vulnerable,0.7142857142857143,209
migrant,0.6666666666666666,207
hopeless,0.6428571428571429,217
homeless,0.6333333333333333,212
poor-families,0.5625,190
refugee,0.5384615384615384,188
disabled,0.46153846153846156,194
women,0.45454545454545453,233
immigrant,0.2222222222222222,218
